{"cameraMode":{"drawMode":0,"name":"Shaded","section":"Shading Mode"},"sceneLighting":true,"audioPlay":false,"sceneViewState":{"m_AlwaysRefresh":false,"showFog":true,"showSkybox":true,"showFlares":true,"showImageEffects":true,"showParticleSystems":true,"showVisualEffectGraphs":true,"m_FxEnabled":true},"in2DMode":false,"pivot":{"x":75.41683959960938,"y":5.995706558227539,"z":-5.282390117645264},"rotation":{"x":0.015628844499588014,"y":0.9098562002182007,"z":-0.41322240233421328,"w":0.034408364444971088},"size":12.520384788513184,"orthographic":true}